sample_num	Bone/Soft tissue: Osteosarcoma	Lung: Small cell	Skin: Other	actual_class
1	4.30E-05	0.75163659	0.000118692	Lung: Small cell
2	2.96E-05	0.985410521	4.06E-05	Lung: Small cell
3	0.709888075	0.005134171	0.006785282	Bone/Soft tissue: Osteosarcoma
4	1.33E-05	8.23E-05	0.97779158	Skin: Other
5	4.59E-05	0.000183804	0.971913	Skin: Other
6	0.009048688	0.000747284	0.702766102	Skin: Other
7	0.000110853	0.866621384	1.99E-05	Lung: Small cell
8	0.000643615	0.001300153	0.005870123	Lung: Small cell
9	0.885892902	0.000315852	0.000309319	Bone/Soft tissue: Osteosarcoma
10	0.015976132	0.000965674	0.005386762	Bone/Soft tissue: Osteosarcoma
11	2.14E-05	0.993519405	1.65E-05	Lung: Small cell
12	0.03458563	0.001046646	0.050292974	Bone/Soft tissue: Osteosarcoma
13	0.14563103	0.004734347	0.014601126	Bone/Soft tissue: Osteosarcoma
14	0.003981568	0.001140543	0.106892495	Skin: Other
15	0.002151639	0.000750761	0.078460945	Skin: Other
16	0.329808014	7.74E-05	3.35E-05	Bone/Soft tissue: Osteosarcoma
17	0.005039075	0.000513725	0.851192409	Skin: Other
18	0.043188186	0.000551605	0.025934704	Bone/Soft tissue: Osteosarcoma
19	0.005929372	0.010587045	0.071600586	Skin: Other
20	0.001214105	0.003915217	0.088534204	Skin: Other
21	0.013708444	0.024612878	0.022747898	Skin: Other
22	0.013668216	0.00586166	0.164659498	Skin: Other
23	0.376436463	4.46E-05	0.000252798	Bone/Soft tissue: Osteosarcoma
24	0.016924351	0.002319665	0.007491306	Bone/Soft tissue: Osteosarcoma
25	0.000562234	0.008681869	0.001641043	Lung: Small cell
26	1.05E-05	0.972304452	9.73E-05	Lung: Small cell
27	0.000174672	0.930667	0.00032913	Lung: Small cell
28	0.000297623	0.915483175	0.000369216	Lung: Small cell
29	0.000158499	0.376786805	8.29E-05	Lung: Small cell
30	8.96E-06	4.06E-05	0.944049489	Skin: Other
31	0.245958706	0.00283013	0.081791165	Bone/Soft tissue: Osteosarcoma
32	0.608015808	0.005137114	0.001583332	Bone/Soft tissue: Osteosarcoma
33	9.87E-05	0.704211696	0.00618288	Lung: Small cell
34	0.035542029	0.019011253	0.006000371	Bone/Soft tissue: Osteosarcoma
35	0.104870664	0.01041686	0.053936511	Bone/Soft tissue: Osteosarcoma
36	0.00031713	0.008913602	0.917094228	Skin: Other
37	0.004943747	0.0075389	0.03836283	Lung: Small cell
38	3.10E-05	0.000922996	0.795608287	Skin: Other
39	1.19E-05	0.000477735	0.987556549	Skin: Other
40	8.48E-05	0.001851074	0.920475095	Skin: Other
41	0.000299759	0.968414696	2.66E-05	Lung: Small cell
42	0.000671433	0.000761754	0.48839099	Skin: Other
43	2.59E-05	0.99722432	1.39E-05	Lung: Small cell
44	0.023877179	0.023978967	0.035399546	Skin: Other
45	0.001114903	0.975852486	0.000398411	Lung: Small cell
46	0.633013452	0.002321169	0.014585081	Bone/Soft tissue: Osteosarcoma
47	1.07E-05	2.43E-05	0.86091607	Skin: Other
48	3.69E-05	0.756772598	0.000380737	Lung: Small cell
49	0.00011918	0.882734504	0.000178446	Lung: Small cell
50	7.01E-05	0.001166655	0.624377156	Skin: Other
51	6.35E-05	0.953756425	0.000204704	Lung: Small cell
52	7.43E-05	0.989022525	2.29E-05	Lung: Small cell
53	0.834743194	0.005572352	0.002119296	Bone/Soft tissue: Osteosarcoma
54	0.071085711	0.026134068	0.029282861	Bone/Soft tissue: Osteosarcoma
55	0.136742495	0.000579985	0.088281091	Bone/Soft tissue: Osteosarcoma
56	0.808716961	0.000284964	0.002504745	Bone/Soft tissue: Osteosarcoma
57	0.000262082	0.000334789	0.970388977	Skin: Other
58	0.000301145	0.010853563	0.440472204	Skin: Other
59	0.399357146	0.000252087	0.005425718	Bone/Soft tissue: Osteosarcoma
60	0.000298123	0.000300636	0.822412135	Skin: Other
61	6.01E-05	0.343588453	0.006437686	Lung: Small cell
62	0.000119138	0.000631621	0.542832167	Skin: Other
63	3.70E-05	0.586335585	0.000106924	Lung: Small cell
64	0.562607035	0.003000006	0.010839196	Bone/Soft tissue: Osteosarcoma
65	0.82607479	0.000299217	0.008981997	Bone/Soft tissue: Osteosarcoma
66	0.768255082	0.000865649	0.005216625	Bone/Soft tissue: Osteosarcoma
67	0.5742816	0.004948355	0.010098816	Bone/Soft tissue: Osteosarcoma
68	0.004728845	0.067998136	0.079406934	Skin: Other
69	0.672142524	0.003633158	0.011567372	Bone/Soft tissue: Osteosarcoma
70	9.09E-05	0.700666098	0.000404791	Lung: Small cell
71	0.484286514	0.001988545	0.001755499	Bone/Soft tissue: Osteosarcoma
72	0.000329571	0.965348025	3.26E-05	Lung: Small cell
73	0.028554076	0.019331978	0.057725362	Skin: Other
74	0.001755305	0.004812516	0.001259237	Skin: Other
75	0.209342375	0.001686548	0.028671749	Bone/Soft tissue: Osteosarcoma
76	0.396738931	0.004815111	0.01827301	Bone/Soft tissue: Osteosarcoma
77	0.000109516	8.77E-05	0.916790133	Skin: Other
78	0.058179295	0.027431626	0.010926764	Bone/Soft tissue: Osteosarcoma
79	0.001581818	0.089889561	0.583370326	Skin: Other
80	0.030637378	0.000708638	0.003370376	Bone/Soft tissue: Osteosarcoma
81	1.75E-05	8.79E-05	0.963672988	Skin: Other
82	0.426958123	0.00263084	0.027228544	Bone/Soft tissue: Osteosarcoma
83	0.02239743	0.006357812	0.06850539	Skin: Other
84	7.89E-05	0.000257919	0.086576579	Skin: Other
85	0.005369364	0.014313676	0.011408134	Skin: Other
86	3.25E-05	0.940439763	5.71E-05	Lung: Small cell
87	0.001793778	0.14116702	0.006772829	Lung: Small cell
88	0.600586092	0.004716803	0.010659772	Bone/Soft tissue: Osteosarcoma
89	1.07E-05	0.962344317	2.00E-05	Lung: Small cell
90	8.11E-06	0.989219553	8.40E-05	Lung: Small cell
91	0.003385086	0.026578667	0.024355375	Skin: Other
92	0.296118528	0.007879319	0.017128802	Bone/Soft tissue: Osteosarcoma
93	0.003164192	0.117263748	0.130120911	Skin: Other
94	4.54E-05	0.934210269	0.003841511	Lung: Small cell
95	0.257134863	0.003846339	0.011212676	Bone/Soft tissue: Osteosarcoma
96	0.00038488	0.987836767	8.22E-05	Lung: Small cell
97	1.60E-05	0.000888354	0.989708201	Skin: Other
98	0.000167475	0.778227066	0.002600942	Lung: Small cell
99	1.51E-05	4.53E-05	0.992574856	Skin: Other
100	0.000193785	0.921832465	0.000317351	Lung: Small cell
