Mutation Type,DBS1,DBS2,DBS3,DBS4,DBS5,DBS6,DBS7,DBS8,DBS9,DBS10,DBS11
AC>CA,4.97E-05,3.74E-04,6.35E-03,4.14E-03,2.14E-03,2.66E-03,4.59E-02,2.15E-01,2.46E-02,9.63E-03,1.37E-03
AC>CG,2.64E-05,3.17E-05,4.65E-05,4.96E-05,4.62E-04,1.46E-04,6.25E-03,9.73E-04,2.07E-03,1.77E-05,1.94E-04
AC>CT,4.29E-03,1.26E-04,3.02E-03,8.32E-18,2.02E-03,2.40E-04,1.36E-02,3.18E-01,2.85E-02,1.35E-02,7.56E-04
AC>GA,1.27E-04,2.37E-04,5.85E-03,4.40E-03,5.58E-04,8.58E-03,9.73E-03,1.16E-03,2.53E-02,5.35E-03,4.42E-04
AC>GG,5.71E-05,4.17E-18,4.50E-04,7.01E-18,1.11E-17,1.04E-04,2.54E-03,8.10E-04,7.13E-03,5.90E-04,2.25E-03
AC>GT,2.96E-03,2.80E-04,1.01E-02,1.12E-08,8.22E-04,1.32E-04,4.50E-03,1.51E-04,1.21E-02,2.87E-02,5.71E-03
AC>TA,1.20E-03,1.48E-03,1.01E-03,1.27E-03,1.48E-03,1.01E-02,5.42E-03,1.24E-02,4.12E-02,1.05E-04,2.64E-04
AC>TG,1.72E-04,6.36E-06,1.11E-17,5.31E-05,1.12E-03,4.49E-04,9.98E-04,2.57E-03,1.79E-02,7.66E-06,2.39E-04
AC>TT,2.65E-02,2.92E-03,1.78E-06,1.61E-04,7.47E-03,3.18E-03,1.18E-03,2.68E-04,4.44E-02,7.10E-04,2.82E-03
AT>CA,4.82E-04,3.78E-05,7.04E-03,9.16E-04,1.08E-04,1.14E-04,1.11E-02,2.78E-05,1.27E-02,3.53E-03,9.48E-03
AT>CC,2.97E-04,4.17E-18,9.08E-03,7.00E-18,2.13E-05,6.39E-05,6.26E-03,1.43E-04,1.78E-03,1.16E-03,1.90E-03
AT>CG,3.98E-06,4.17E-18,1.46E-02,9.46E-18,1.05E-17,1.82E-06,1.11E-03,2.66E-04,9.22E-18,2.59E-03,1.74E-05
AT>GA,2.12E-03,1.68E-04,1.81E-03,3.24E-04,1.11E-03,1.62E-03,1.44E-02,1.62E-04,6.37E-03,8.06E-05,1.12E-02
AT>GC,1.74E-04,5.85E-06,5.25E-03,1.76E-05,1.05E-17,1.72E-05,9.29E-03,2.26E-04,1.81E-03,4.08E-03,4.18E-03
AT>TA,2.34E-03,4.58E-04,2.35E-03,4.53E-03,7.93E-04,2.20E-03,3.40E-02,3.15E-04,9.20E-03,2.93E-03,3.84E-03
CC>AA,1.06E-05,7.24E-01,9.09E-03,7.00E-18,1.05E-17,8.30E-18,9.04E-18,3.81E-02,9.02E-18,1.37E-02,7.35E-18
CC>AG,1.23E-05,7.26E-02,1.11E-17,5.43E-03,2.43E-02,6.16E-02,8.30E-05,1.55E-02,2.64E-02,7.13E-05,9.72E-04
CC>AT,1.87E-02,1.00E-01,5.89E-03,1.57E-02,2.43E-03,4.38E-04,8.52E-04,2.88E-02,1.95E-02,1.05E-02,3.45E-02
CC>GA,1.34E-04,1.77E-02,6.35E-04,3.55E-03,6.76E-05,3.55E-02,3.02E-04,8.09E-04,1.10E-02,3.39E-03,9.53E-04
CC>GG,9.82E-05,4.50E-04,7.25E-05,7.30E-05,1.19E-05,1.81E-02,2.05E-03,5.60E-05,3.06E-03,7.41E-18,3.45E-03
CC>GT,6.92E-03,1.10E-03,1.14E-17,7.99E-05,2.48E-05,3.44E-03,1.63E-04,2.29E-04,1.79E-02,1.08E-03,6.95E-02
CC>TA,1.04E-02,1.60E-02,2.08E-02,1.70E-04,1.27E-03,2.22E-03,9.04E-18,7.16E-04,6.87E-04,2.39E-02,5.88E-02
CC>TG,2.55E-03,2.37E-04,2.90E-05,8.30E-06,4.81E-03,6.87E-03,2.36E-04,4.21E-03,1.55E-02,7.41E-18,3.23E-02
CC>TT,8.58E-01,4.17E-18,1.11E-17,7.00E-18,1.05E-17,8.30E-18,9.04E-18,4.38E-03,9.02E-18,2.06E-02,3.32E-01
CG>AT,6.03E-07,1.15E-03,2.84E-04,2.90E-04,1.64E-03,7.54E-03,6.21E-05,3.22E-04,2.19E-04,7.41E-18,1.82E-03
CG>GC,5.42E-06,3.69E-04,1.11E-17,5.10E-06,9.92E-05,5.90E-04,1.87E-04,1.13E-17,1.20E-05,1.90E-05,1.66E-04
CG>GT,1.70E-06,1.28E-03,1.11E-17,7.00E-18,6.48E-03,3.22E-03,2.07E-05,1.21E-03,9.94E-05,1.02E-05,1.18E-03
CG>TA,3.56E-04,4.17E-18,9.79E-02,7.00E-18,1.05E-17,8.30E-18,9.04E-18,5.06E-04,9.02E-18,3.58E-01,7.38E-18
CG>TC,1.26E-05,2.15E-03,7.22E-04,7.00E-18,2.98E-05,8.91E-03,4.87E-05,9.05E-04,1.33E-04,2.65E-03,6.85E-04
CG>TT,1.24E-04,5.56E-03,7.17E-03,3.61E-04,2.22E-03,1.87E-02,3.13E-05,3.29E-04,8.29E-05,7.77E-03,6.99E-04
CT>AA,2.77E-05,3.21E-03,1.03E-04,7.00E-18,4.66E-01,4.48E-03,9.04E-18,2.06E-02,9.02E-18,3.93E-03,4.40E-03
CT>AC,4.19E-04,4.17E-18,2.91E-02,7.00E-18,2.09E-01,1.95E-03,1.01E-17,1.40E-02,9.02E-18,1.30E-02,2.35E-03
CT>AG,2.85E-18,5.87E-04,1.14E-01,3.63E-04,2.67E-02,3.95E-02,1.26E-03,2.04E-02,5.82E-04,2.65E-02,4.96E-04
CT>GA,8.92E-05,1.81E-05,1.72E-05,6.73E-04,1.61E-02,7.34E-03,1.87E-03,5.57E-03,2.84E-03,7.41E-18,1.16E-02
CT>GC,2.52E-04,1.34E-04,2.69E-05,7.22E-05,4.85E-03,1.79E-03,1.56E-02,2.37E-04,3.11E-03,7.41E-18,6.11E-03
CT>GG,1.08E-05,8.98E-05,5.99E-05,9.26E-04,5.70E-04,6.81E-03,4.00E-03,3.06E-04,1.04E-02,7.41E-18,4.02E-03
CT>TA,7.81E-03,3.38E-03,1.84E-04,7.00E-18,3.34E-03,8.84E-05,9.04E-18,1.09E-02,9.02E-18,4.03E-03,4.17E-02
CT>TC,1.05E-02,3.84E-05,6.34E-03,7.00E-18,2.37E-04,8.30E-18,6.32E-02,1.78E-02,3.00E-05,2.75E-03,2.99E-03
CT>TG,2.24E-03,3.90E-04,5.22E-02,3.08E-05,8.74E-04,1.12E-02,9.04E-18,9.66E-04,9.46E-18,4.57E-02,1.48E-03
GC>AA,1.58E-03,5.08E-03,2.16E-05,3.28E-01,1.33E-04,8.30E-18,9.04E-18,1.29E-02,9.02E-18,4.08E-03,1.00E-03
GC>AG,1.07E-04,3.25E-04,5.22E-04,1.13E-02,2.66E-03,3.66E-03,7.30E-05,8.52E-03,1.24E-01,7.41E-18,3.29E-03
GC>AT,4.87E-05,9.53E-04,3.99E-03,9.24E-03,1.57E-03,1.88E-03,3.50E-04,5.51E-03,1.26E-01,7.75E-03,2.72E-02
GC>CA,5.76E-05,1.06E-03,2.37E-04,1.19E-02,4.58E-03,8.69E-03,6.70E-04,4.83E-03,2.74E-02,1.05E-04,2.11E-03
GC>CG,5.15E-06,6.69E-05,1.11E-17,9.83E-07,3.23E-04,9.04E-18,2.65E-03,2.42E-04,2.50E-03,7.41E-18,4.04E-03
GC>TA,8.27E-07,7.36E-04,4.23E-03,1.77E-02,2.22E-04,8.29E-04,6.24E-06,8.56E-03,1.40E-02,2.81E-03,2.43E-04
TA>AT,5.05E-04,2.75E-03,1.45E-03,3.04E-02,1.87E-03,8.57E-03,5.58E-02,9.70E-03,1.55E-02,1.04E-02,2.23E-03
TA>CG,7.55E-06,1.89E-05,3.34E-03,3.89E-04,7.89E-06,2.59E-04,3.05E-03,2.09E-05,1.35E-03,4.11E-03,5.84E-04
TA>CT,7.02E-04,2.80E-04,3.44E-04,8.72E-03,2.27E-03,2.61E-02,2.91E-02,4.10E-03,1.42E-02,1.62E-03,3.38E-03
TA>GC,2.01E-05,8.22E-05,1.99E-03,7.02E-05,5.22E-05,2.64E-04,1.51E-03,7.89E-04,5.79E-04,7.41E-18,1.02E-03
TA>GG,7.03E-05,7.89E-05,5.46E-03,2.22E-03,1.63E-03,2.18E-04,4.31E-03,2.17E-04,3.25E-03,8.59E-03,3.75E-04
TA>GT,1.15E-03,1.30E-03,3.62E-04,8.06E-03,1.91E-03,6.25E-05,2.63E-02,1.53E-04,7.78E-03,3.61E-03,2.67E-03
TC>AA,1.09E-05,1.45E-03,5.49E-03,3.79E-01,4.04E-02,4.58E-02,1.96E-02,3.88E-02,3.69E-03,7.56E-03,2.17E-04
TC>AG,3.09E-06,2.00E-04,6.14E-06,1.87E-03,1.49E-02,8.28E-03,4.00E-06,1.16E-02,4.67E-02,2.71E-04,4.74E-02
TC>AT,2.46E-03,4.17E-18,1.12E-03,8.41E-03,7.48E-04,5.94E-04,2.29E-03,1.85E-02,5.18E-02,3.09E-03,8.46E-02
TC>CA,4.42E-06,6.82E-04,6.55E-02,8.46E-02,1.43E-03,1.18E-02,2.71E-03,1.76E-02,4.88E-02,2.52E-02,2.82E-04
TC>CG,3.30E-05,3.89E-06,1.16E-04,4.00E-04,1.06E-17,8.62E-04,1.63E-03,1.09E-02,7.79E-03,8.42E-04,3.24E-03
TC>CT,1.90E-03,3.35E-03,1.94E-02,8.28E-06,1.05E-03,9.39E-03,9.19E-03,8.76E-03,5.14E-02,2.62E-02,2.01E-02
TC>GA,6.42E-05,8.85E-04,7.78E-02,3.64E-02,2.46E-05,7.34E-03,9.04E-18,9.61E-03,1.73E-02,4.38E-02,2.35E-04
TC>GG,4.11E-04,9.87E-06,1.77E-04,1.04E-05,3.48E-05,1.51E-03,7.06E-04,1.91E-03,3.73E-03,7.41E-18,7.33E-03
TC>GT,5.10E-03,8.57E-05,4.34E-02,7.00E-18,3.86E-05,8.30E-18,9.04E-18,2.76E-04,9.15E-18,4.59E-02,1.52E-02
TG>AA,1.37E-03,2.96E-03,6.68E-05,7.63E-03,1.80E-02,2.55E-02,2.26E-02,8.65E-03,1.58E-02,1.42E-03,7.83E-03
TG>AC,2.37E-04,2.20E-04,8.04E-05,1.18E-04,1.46E-03,1.01E-02,2.62E-03,3.85E-03,7.27E-03,2.07E-04,8.66E-04
TG>AT,2.41E-03,4.29E-03,9.58E-04,7.00E-18,2.04E-02,2.21E-01,1.29E-03,8.22E-03,7.46E-04,2.50E-03,1.05E-02
TG>CA,2.79E-04,1.44E-04,1.59E-02,8.04E-04,4.76E-04,1.14E-02,2.39E-02,5.06E-03,2.28E-02,2.92E-02,5.61E-02
TG>CC,1.03E-04,5.94E-05,4.84E-04,1.20E-04,5.06E-04,7.89E-03,1.05E-03,1.25E-03,1.18E-02,1.90E-04,3.13E-03
TG>CT,1.85E-03,3.07E-03,6.07E-03,8.21E-05,3.28E-04,2.75E-01,9.04E-18,1.95E-02,9.68E-04,4.33E-03,5.58E-03
TG>GA,4.07E-04,1.47E-03,5.23E-04,7.85E-03,3.27E-03,7.44E-03,8.25E-03,2.71E-04,6.18E-03,2.02E-05,7.31E-03
TG>GC,8.89E-05,2.72E-04,4.98E-04,6.04E-04,2.92E-04,5.60E-03,3.88E-03,3.54E-03,3.91E-03,7.41E-18,6.12E-03
TG>GT,1.90E-03,6.40E-03,1.03E-02,3.23E-05,8.27E-02,2.74E-02,8.71E-03,7.86E-03,3.34E-03,2.17E-03,5.24E-03
TT>AA,5.49E-03,4.31E-03,3.22E-03,1.80E-05,4.92E-03,1.93E-04,2.35E-01,3.58E-03,3.41E-04,1.45E-02,4.77E-03
TT>AC,7.20E-04,3.45E-04,2.43E-03,6.60E-07,9.66E-04,1.28E-04,4.00E-02,1.13E-17,6.66E-03,7.41E-18,1.04E-03
TT>AG,4.18E-04,2.15E-04,2.29E-02,7.00E-18,8.93E-04,2.12E-03,5.39E-02,1.46E-02,9.18E-04,6.96E-03,1.27E-03
TT>CA,7.25E-04,4.17E-18,6.94E-04,7.00E-18,1.05E-17,8.30E-18,9.77E-02,6.29E-03,9.03E-18,1.29E-03,2.02E-03
TT>CC,5.42E-03,2.98E-06,8.16E-03,7.00E-18,7.73E-04,8.30E-18,3.54E-02,2.94E-04,5.16E-03,2.88E-03,4.00E-03
TT>CG,8.38E-05,1.52E-05,3.18E-02,7.25E-18,1.05E-17,1.12E-05,2.67E-03,1.16E-04,1.98E-05,8.58E-03,9.96E-18
TT>GA,1.86E-03,4.79E-05,1.23E-02,7.00E-18,2.99E-05,8.30E-18,4.36E-02,3.63E-03,9.17E-18,8.69E-03,7.07E-04
TT>GC,1.06E-03,1.54E-06,6.65E-02,7.00E-18,5.66E-05,4.09E-07,3.67E-03,2.86E-04,3.56E-05,2.58E-02,5.78E-06
TT>GG,1.61E-03,4.17E-18,1.71E-01,7.00E-18,1.05E-17,8.30E-18,9.04E-18,5.38E-04,9.02E-18,8.47E-02,7.34E-18