#Chromosome,PosStart,PosEnd,Type
10,36759271,36759286,Paper
10,31517463,31517470,Paper
10,19065785,19065798,Paper
10,19377515,19383548,Paper
10,87115263,87121295,Paper
10,111572124,111578217,Paper
11,45157031,45157045,Paper
11,14737455,14743485,Paper
11,87566743,87566756,Paper
11,92869804,92875851,Paper
11,93154151,93160198,Paper
12,33325794,33325803,Paper
12,3608362,3614395,Paper
12,71020035,71020045,Paper
12,96912555,96912569,Paper
12,117814447,117814460,Paper
13,61221157,61221172,Paper
13,61462336,61462344,Paper
13,77186959,77192987,Paper
14,24992912,24992925,Paper
14,31150809,31150826,Paper
14,31154016,31160044,Paper
14,52667758,52667767,Paper
14,59220385,59220402,Paper
14,71197777,71197799,Paper
15,56251135,56251152,Paper
15,84052404,84058369,Paper
15,85140894,85140909,Paper
16,27425927,27425940,Paper
17,64637275,64637294,Paper
18,57071172,57077203,Paper
18,73290637,73290642,Paper
19,47024925,47024939,Paper
1,121274033,121280060,Paper
1,119394975,119401004,Paper
1,116980828,116980842,Paper
1,114039842,114045878,Paper
1,102568909,102568923,Paper
1,87144764,87150795,Paper
1,72353887,72359919,Paper
1,84518060,84524090,Paper
1,32004338,32004351,Paper
1,162184318,162184333,Paper
1,165553136,165553149,Paper
1,179575362,179575377,Paper
1,196188501,196194533,Paper
1,222579116,222579130,Paper
1,247850475,247856509,Paper
20,23406746,23412778,Paper
21,19082364,19082378,Paper
22,29059272,29065304,Paper
2,36570243,36570259,Paper
2,23191000,23191016,Paper
2,11136232,11142263,Paper
2,135117701,135117710,Paper
2,144010779,144010793,Paper
2,156527822,156527848,Paper
2,191478701,191478714,Paper
3,89509980,89516007,Paper
3,80590163,80590176,Paper
3,55788568,55788580,Paper
3,53399324,53405353,Paper
3,27529294,27529306,Paper
3,20090517,20090533,Paper
3,101279644,101279657,Paper
3,123590713,123590726,Paper
3,151148544,151148555,Paper
3,161048046,161048062,Paper
3,186372124,186372141,Paper
4,23616395,23622410,Paper
4,21161002,21167098,Paper
4,10632679,10632694,Paper
4,75642756,75648794,Paper
4,80888062,80894092,Paper
4,91596798,91602909,Paper
4,110248316,110248332,Paper
4,112628960,112628973,Paper
4,137214650,137220702,Paper
4,152732810,152732823,Paper
5,39787755,39793774,Paper
5,16464296,16464309,Paper
5,16883011,16883024,Paper
5,57680002,57686096,Paper
5,68184430,68184446,Paper
5,79074737,79080762,Paper
5,80911910,80917938,Paper
5,89450769,89450781,Paper
5,109480258,109480269,Paper
5,112703068,112703081,Paper
5,137014775,137014790,Paper
6,51531356,51536770,Paper
6,32613444,32613447,Paper
6,29920213,29920223,Paper
6,19765125,19771185,Paper
6,19793115,19793129,Paper
6,24811887,24817951,Paper
6,13191016,13191033,Paper
6,63368196,63368207,Paper
6,72799500,72799515,Paper
6,102846086,102846094,Paper
6,123853938,123853946,Paper
6,145500928,145500940,Paper
6,157968737,157968750,Paper
7,53652502,53652516,Paper
7,49719848,49725898,Paper
7,47864826,47864838,Paper
7,30478858,30484915,Paper
7,65751841,65757872,Paper
7,116270320,116270339,Paper
7,141620475,141626513,Paper
8,9469149,9469163,Paper
8,57161893,57161906,Paper
8,73787775,73793824,Paper
8,126595129,126601135,Paper
8,135082929,135089016,Paper
9,5491407,5491418,Paper
9,85664450,85670508,Paper
9,99364827,99364841,Paper
9,111564957,111564969,Paper
9,115560408,115566440,Paper
X,11725366,11731400,Paper
X,11953199,11959436,Paper
X,105712516,105718550,Paper
X,140515258,140515272,Paper